-- MySQL dump 10.13  Distrib 8.0.40, for Win64 (x86_64)
--
-- Host: localhost    Database: bdoctors_db
-- ------------------------------------------------------
-- Server version	8.0.40

/*!40101 SET @OLD_CHARACTER_SET_CLIENT=@@CHARACTER_SET_CLIENT */;
/*!40101 SET @OLD_CHARACTER_SET_RESULTS=@@CHARACTER_SET_RESULTS */;
/*!40101 SET @OLD_COLLATION_CONNECTION=@@COLLATION_CONNECTION */;
/*!50503 SET NAMES utf8 */;
/*!40103 SET @OLD_TIME_ZONE=@@TIME_ZONE */;
/*!40103 SET TIME_ZONE='+00:00' */;
/*!40014 SET @OLD_UNIQUE_CHECKS=@@UNIQUE_CHECKS, UNIQUE_CHECKS=0 */;
/*!40014 SET @OLD_FOREIGN_KEY_CHECKS=@@FOREIGN_KEY_CHECKS, FOREIGN_KEY_CHECKS=0 */;
/*!40101 SET @OLD_SQL_MODE=@@SQL_MODE, SQL_MODE='NO_AUTO_VALUE_ON_ZERO' */;
/*!40111 SET @OLD_SQL_NOTES=@@SQL_NOTES, SQL_NOTES=0 */;

--
-- Table structure for table `doctors`
--

DROP TABLE IF EXISTS `doctors`;
/*!40101 SET @saved_cs_client     = @@character_set_client */;
/*!50503 SET character_set_client = utf8mb4 */;
CREATE TABLE `doctors` (
  `id` int unsigned NOT NULL AUTO_INCREMENT,
  `name` varchar(45) NOT NULL,
  `surname` varchar(45) NOT NULL,
  `specialty_id` int unsigned NOT NULL,
  `email` varchar(100) NOT NULL,
  `phone_number` varchar(20) NOT NULL,
  `address` varchar(255) NOT NULL,
  `description` mediumtext NOT NULL,
  `city` varchar(45) NOT NULL,
  `province` varchar(45) NOT NULL,
  PRIMARY KEY (`id`),
  UNIQUE KEY `id_UNIQUE` (`id`),
  KEY `id_idx` (`specialty_id`),
  CONSTRAINT `id` FOREIGN KEY (`specialty_id`) REFERENCES `specialties` (`id`)
) ENGINE=InnoDB AUTO_INCREMENT=49 DEFAULT CHARSET=utf8mb4 COLLATE=utf8mb4_0900_ai_ci;
/*!40101 SET character_set_client = @saved_cs_client */;

--
-- Dumping data for table `doctors`
--

LOCK TABLES `doctors` WRITE;
/*!40000 ALTER TABLE `doctors` DISABLE KEYS */;
INSERT INTO `doctors` VALUES (1,'Giovangiacinto','Paterno',9,'giovangiacinto.paterno@example.com','333234567','Via Fittizia 123','Il Dott. Giovangiacinto Paterno si è laureato in Medicina e Chirurgia presso l’Università Università degli Studi di Roma Tor Vergata e si è specializzato in Ematologia presso la medesima Università.\n\nSi è abilitato alla professione medica ed è iscritto all’Ordine dei Medici Chirurghi e degli Odontoiatri della provincia di Caserta.\n\nHa conseguito un Dottorato di Ricerca in Biotecnologie Mediche e Medicina Traslazionale con una tesi dal titolo “Impatto prognostico dell’ISTH DIC-score nella leucemia mieloide acuta”\n\nDurante il corso   di   specializzazione presso il Dipartimento di Biomedicina e Prevenzione, scuola di specializzazione in Ematologia dell’Università degli Studi di Roma Tor Vergata, ha svolto l’attività clinica presso il reparto di Ematologia, gli ambulatori e i Day Hospital, e contemporaneamente quella di diagnosi e ricerca presso i laboratori di ricerca dell’Università.\n\nHa ricoperto il ruolo di Dirigente Medico presso la UOC Ematologia, Ospedale F. Spaziani, Frosinone, dove ha svolto attività clinica presso il reparto e il centro di Emostasi e Trombosi.\n\nE’ autore di numerosi studi scientifici pubblicati su riviste internazionali.\n\nAttualmente è Dirigente Medico specialista in Ematologia presso la UOSD Patologie Mieloproliferative del Policlinico Tor Vergata, Roma.\n\nIl Dott. Giovangiacinto Paterno effettua consulti online di Ematologia.','Roma','Roma'),(2,'Daniela','Esposito',10,'daniela.esposito@gomail.com','339267366','Via Dalleballe 5','Tratto malattie infettive, inclusi virus, batteri e infezioni tropicali. Con un approccio scientifico e aggiornato, garantisco diagnosi accurate e trattamenti efficaci. La salute dei miei pazienti è al centro del mio impegno quotidiano.','Mogliano Veneto','Treviso'),(3,'Antonio','Ferrigno',11,'antonio.ferrigno@hootmail.com','334767777','Via ViaVia 1','Mi occupo della diagnosi e trattamento delle malattie polmonari, come asma, bronchite cronica e malattia polmonare ostruttiva. Con anni di esperienza, offro un approccio personalizzato per migliorare la qualità della vita dei miei pazienti, utilizzando tecniche avanzate e consulenze mirate.','Codroipo','Udine'),(4,'Marco','Donati',8,'marco.donati@virgulio.it','333876889','Via Gra 13','Sono un geriatra di fama mondiale, noto per la mia straordinaria esperienza e il mio approccio innovativo nella cura degli anziani. Nonostante sia la persona più anziana del mondo, la mia mente acuta e la passione per la medicina non sono mai venute meno. La mia carriera è un esempio di dedizione e amore per il benessere degli altri. Ho scritto innumerevoli libri fondamentali nel campo della geriatria e ho contribuito a migliorare la qualità della vita di innumerevoli persone anziane, essendo io stesso in quel segmento di società.','Rimini','Rimini'),(5,'Francesca','Romagnoli',4,'francesca.romagnoli@piadina.com','332672100','Via Finta Piadinara 4','Specializzata nella gestione di disturbi dell\'umore, ansia e depressione, mi impegno a offrire supporto psicologico e terapeutico per migliorare il benessere mentale. Ogni trattamento è pensato per soddisfare le esigenze individuali, con una visione empatica e professionale.','Bologna','Bologna'),(6,'Marco','Rossi',1,'marco.rossi@medmail.it','+39 345 678 9012','Via delle Cliniche, 12','Sono il Dott. Marco Rossi, anestesista con oltre 15 anni di esperienza in ospedali di livello nazionale. Mi occupo di anestesia per interventi complessi e assistenza intensiva post-operatoria, assicurandomi che i pazienti ricevano il massimo comfort e sicurezza durante e dopo gli interventi.','Milano','Milano'),(7,'Laura','Bianchi',2,'laura.bianchi@cardioexpert.it','+39 348 234 5678','Corso Vittorio Emanuele, 22','Sono la Dott.ssa Laura Bianchi, cardiologa con una lunga esperienza nel trattamento di patologie cardiache, dalle malattie coronariche all’insufficienza cardiaca. Il mio obiettivo è garantire la miglior qualità della vita possibile per i miei pazienti, prevenendo e trattando malattie cardiache in modo efficace.','Roma','Roma'),(8,'Giovanni','Verdi',3,'giovanni.verdi@skinclinic.it','+39 333 123 4567','Via del Mare, 45','Sono il Dott. Giovanni Verdi, dermatologo. Mi occupo di diagnosi e trattamento delle malattie della pelle, dalle dermatiti alle patologie oncologiche cutanee. Il mio obiettivo è aiutare i pazienti a mantenere una pelle sana e trattare con efficacia le condizioni dermatologiche che possano impattare sulla loro qualità della vita.','Napoli','Napoli'),(9,'Alessandra','Galli',4,'alessandra.galli@psicomed.it','+39 347 345 6789','Viale delle Libertà, 10','Sono la Dott.ssa Alessandra Galli, psichiatra. Lavoro con pazienti che affrontano disturbi dell’umore, ansia e psicosi, cercando di creare un ambiente sicuro e supportivo per la cura. Ogni percorso terapeutico è personalizzato, e il mio obiettivo è sempre quello di aiutare a migliorare la qualità della vita del paziente.','Torino','Torino'),(10,'Paolo','Neri',5,'paolo.neri@endoclinic.it','+39 320 234 5678','Via degli Orti, 9','Sono il Dott. Paolo Neri, endocrinologo. Mi occupo di disturbi ormonali, diabete e malattie metaboliche, con un’attenzione particolare alla prevenzione e gestione delle malattie della tiroide. Il mio approccio è incentrato sulla cura integrata del paziente e sulla promozione della salute a lungo termine.','Bologna','Bologna'),(11,'Elena','Moretti',6,'elena.moretti@medfam.it','+39 329 987 6543','Piazza San Giovanni, 3','Sono la Dott.ssa Elena Moretti, medico di medicina generale. Mi occupo di diagnosi e trattamento di una vasta gamma di malattie comuni, con un focus sulla prevenzione. Il mio approccio è sempre personalizzato, cercando di conoscere a fondo ogni paziente per fornire la cura più adatta.','Firenze','Firenze'),(12,'Luca','Ferrara',7,'luca.ferrara@gastroclinic.it','+39 331 444 5678','Via Roma, 18','Sono il Dott. Luca Ferrara, gastroenterologo. Mi occupo di diagnosi e trattamento di malattie digestive e del fegato. Lavoro con i miei pazienti per migliorare la loro salute intestinale e risolvere disturbi come reflusso gastroesofageo e malattie infiammatorie intestinali.','Genova','Genova'),(13,'Maria','Ricci',8,'maria.ricci@geriatrica.it','+39 324 765 4321','Via delle Rose, 15','Sono la Dott.ssa Maria Ricci, geriatrica che si occupa di migliorare la qualità della vita degli anziani, trattando malattie legate all\'invecchiamento, come l\'Alzheimer e le patologie articolari. Il mio obiettivo è migliorare la loro qualità della vita e offrire supporto nelle fasi più delicate dell’età avanzata.','Palermo','Palermo'),(14,'Andrea','Conti',9,'andrea.conti@ematologycenter.it','+39 342 654 3210','Via del Politecnico, 8','Sono il Dott. Andrea Conti, ematologo specializzato in malattie del sangue, come leucemie, linfomi e disturbi della coagulazione. Il mio approccio è basato su diagnosi precoci e trattamenti mirati per aiutare i pazienti a vivere al meglio nonostante la malattia.','Milano','Milano'),(15,'Giulia','De Luca',10,'giulia.deluca@infectiouscare.it','+39 330 987 6543','Via delle Mura, 21','Sono la Dott.ssa Giulia De Luca, specialista in malattie infettive. Tratto infezioni virali, batteriche e fungine, con un\'attenzione particolare a malattie come HIV e tubercolosi. Lavoro per garantire il miglior trattamento possibile e aiutare i pazienti a superare la fase acuta della malattia.','Catania','Catania'),(16,'Federico','Lupo',11,'federico.lupo@pulmoclinic.it','+39 338 123 7654','Via del Corso, 10','Sono il Dott. Federico Lupo, pneumologo. Mi occupo di malattie respiratorie croniche come asma, broncopneumopatia cronica ostruttiva (BPCO) e apnea del sonno. Il mio obiettivo è migliorare la qualità della vita dei pazienti affetti da disturbi respiratori, adottando trattamenti personalizzati e supportando la loro salute polmonare.','Verona','Verona'),(17,'Stefano','Romano',1,'stefano.romano@anesthesiacentro.it','+39 347 567 8912','Viale dei Fiori, 5','Sono il Dott. Stefano Romano, anestesista. Da oltre 10 anni mi occupo di anestesia per interventi chirurgici di ogni tipo, con un focus sulla sicurezza del paziente in sala operatoria. Mi assicuro che ogni paziente riceva il miglior trattamento possibile, minimizzando il rischio di complicazioni.','Milano','Milano'),(18,'Claudia','Rizzo',2,'claudia.rizzo@cardiomed.it','+39 342 555 6789','Via delle Magnolie, 3','Sono la Dott.ssa Claudia Rizzo, cardiologa. Il mio lavoro consiste nell\'individuare tempestivamente i problemi cardiaci e nel trattarli con approcci innovativi. Sono specializzata nella gestione delle malattie coronariche e nell’assistenza a pazienti con scompenso cardiaco.','Bologna','Bologna'),(19,'Antonio','Sanna',3,'antonio.sanna@dermatoclinic.it','+39 320 123 4567','Via dei Cipressi, 12','Sono il Dott. Antonio Sanna, dermatologo con esperienza pluriennale. Mi occupo di prevenzione e cura delle malattie cutanee, dalla psoriasi alle forme più gravi di tumori della pelle. Lavoro con i miei pazienti per monitorare e trattare ogni tipo di patologia dermatologica.','Cagliari','Cagliari'),(20,'Francesca','Nardi',4,'francesca.nardi@psicomed.it','+39 330 234 5678','Via della Pace, 8','Sono la Dott.ssa Francesca Nardi, psichiatra. Offro supporto a persone che vivono situazioni di stress emotivo, ansia e depressione. Ogni paziente che incontro viene trattato con un approccio empatico e mirato, con l’obiettivo di migliorare il benessere psicologico e favorire una vita serena.','Firenze','Firenze'),(21,'Luca','Barbieri',5,'luca.barbieri@endocenter.it','+39 320 567 8901','Via dei Giardini, 7','Sono il Dott. Luca Barbieri, endocrinologo. Mi occupo di patologie ormonali, in particolare diabete, disturbi tiroidei e disfunzioni metaboliche. Lavoro a stretto contatto con i pazienti per garantire loro un percorso terapeutico adatto e orientato alla cura a lungo termine.','Torino','Torino'),(22,'Silvia','Morelli',6,'silvia.morelli@medfamily.it','+39 339 876 5432','Via della Solidarietà, 2','Sono la Dott.ssa Silvia Morelli, medico di famiglia. Il mio obiettivo è fornire assistenza sanitaria a 360°, prendendomi cura della salute delle persone a ogni fase della loro vita, dalla prevenzione alla cura delle malattie acute e croniche.','Verona','Verona'),(23,'Gabriele','Pini',7,'gabriele.pini@gastrocenter.it','+39 347 321 7654','Via dell’Ospedale, 10','Sono il Dott. Gabriele Pini, gastroenterologo. Mi occupo di diagnosi e trattamento delle malattie gastrointestinali, come le malattie infiammatorie intestinali, il reflusso gastroesofageo e le patologie epatiche. Lavoro per migliorare la qualità della vita dei miei pazienti, aiutandoli a gestire i disturbi digestivi.','Palermo','Palermo'),(24,'Roberta','Bellini',8,'roberta.bellini@geriatrica.it','+39 330 112 2334','Via delle Palme, 5','Sono la Dott.ssa Roberta Bellini, specialista in geriatria. Mi occupo di garantire che gli anziani possano vivere in salute e con dignità, trattando patologie legate all’età, come l’Alzheimer, l’osteoporosi e le malattie cardiovascolari, con un approccio empatico e personalizzato.','Bari','Bari'),(25,'Pietro','Ruggiero',9,'pietro.ruggiero@hematocare.it','+39 338 123 4568','Via della Scienza, 20','Sono il Dott. Pietro Ruggiero, ematologo. Tratto malattie del sangue come leucemie, linfomi e anemia. Il mio approccio si basa sulla diagnosi precoce e sulla cura integrata, per aiutare ogni paziente a superare le difficoltà legate alle patologie ematologiche.','Napoli','Napoli'),(26,'Lucia','Marini',10,'lucia.marini@infecmed.it','+39 344 123 4567','Via delle Rose, 17','Sono la Dott.ssa Lucia Marini, specialista in malattie infettive. Tratto infezioni di vario tipo, dalle patologie virali alle infezioni batteriche e fungine. La mia priorità è individuare e trattare tempestivamente le infezioni, garantendo un recupero completo e una qualità della vita ottimale.','Roma','Roma'),(27,'Alessandro','Lombardi',11,'alessandro.lombardi@pulmocare.it','+39 338 765 4321','Via della Salute, 4','Sono il Dott. Alessandro Lombardi, pneumologo. Mi occupo della diagnosi e del trattamento delle malattie respiratorie, tra cui asma, broncopneumopatia cronica ostruttiva (BPCO), e apnea del sonno. Il mio obiettivo è migliorare la qualità della vita dei pazienti con disturbi respiratori attraverso trattamenti personalizzati e un approccio a lungo termine.','Trieste','Trieste'),(28,'Francesco','Luzzi',1,'francesco.luzzi@anesthesiacare.it','+39 349 112 2334','Viale delle Montagne, 15','Sono il Dott. Francesco Luzzi, anestesista. Da anni lavoro per garantire ai miei pazienti la miglior esperienza possibile durante gli interventi chirurgici, assicurandomi che siano sempre al sicuro e sotto il massimo controllo, sia durante che dopo la procedura.','Catania','Catania'),(29,'Valentina','Giordano',2,'valentina.giordano@cardiomed.it','+39 333 456 7890','Piazza della Vittoria, 7','Sono la Dott.ssa Valentina Giordano, cardiologa. Mi occupo di malattie cardiache, dalla prevenzione alle patologie più gravi. Offro un supporto completo, incentrato sulla salute del cuore e sulla gestione di disturbi come l’ipertensione e le malattie coronariche.','Milano','Milano'),(30,'Alessandro','D’Angelo',3,'alessandro.dangelo@dermatocare.it','+39 332 765 4321','Via della Spiga, 4','Sono il Dott. Alessandro D’Angelo, dermatologo. Specializzato nel trattamento di malattie cutanee e nell’estetica della pelle, il mio obiettivo è fornire soluzioni rapide ed efficaci per una pelle sana, affrontando con successo patologie e problemi estetici.','Napoli','Napoli'),(31,'Chiara','Vitali',4,'chiara.vitali@psicoterapia.it','+39 338 112 2335','Corso Italia, 21','Sono la Dott.ssa Chiara Vitali, psichiatra. Offro supporto a chi attraversa periodi difficili, lavorando per trattare disturbi come ansia, depressione e stress post-traumatico. Ogni percorso è personalizzato per affrontare le sfide psicologiche e migliorare il benessere mentale dei miei pazienti.','Roma','Roma'),(32,'Emanuele','Bernini',5,'emanuele.bernini@endocare.it','+39 349 678 9012','Viale del Mare, 18','Sono il Dott. Emanuele Bernini, endocrinologo. Mi occupo di patologie ormonali come il diabete, le malattie della tiroide e i disturbi metabolici. Il mio approccio si basa sulla prevenzione e sul trattamento mirato, migliorando la qualità della vita dei miei pazienti.','Bologna','Bologna'),(33,'Giulia','Grandi',6,'giulia.grandi@medfamily.it','+39 337 233 4455','Piazza delle Rose, 8','Sono la Dott.ssa Giulia Grandi, medico di medicina generale. Mi occupo di garantire un’assistenza completa, dalla diagnosi alla cura, per tutti i membri della famiglia. Il mio obiettivo è promuovere la salute a lungo termine e prevenire malattie comuni.','Torino','Torino'),(34,'Marco','Romano',7,'marco.romano@gastrocenter.it','+39 329 556 7890','Via della Salute, 12','Sono il Dott. Marco Romano, gastroenterologo. Tratto malattie gastrointestinali come il reflusso gastroesofageo, le malattie infiammatorie intestinali e le patologie epatiche. Il mio scopo è migliorare la salute digestiva dei pazienti e aiutarli a vivere senza disagi.','Genova','Genova'),(35,'Simona','De Santis',8,'simona.desantis@geriatria.it','+39 320 234 5678','Corso delle Terme, 5','Sono la Dott.ssa Simona De Santis, specialista in geriatria. Lavoro per migliorare la qualità della vita degli anziani, trattando le malattie legate all’età e sostenendo i pazienti nelle fasi più delicate della vita, con attenzione a problematiche come l’Alzheimer e l’osteoporosi.','Bari','Bari');
/*!40000 ALTER TABLE `doctors` ENABLE KEYS */;
UNLOCK TABLES;

--
-- Table structure for table `reviews`
--

DROP TABLE IF EXISTS `reviews`;
/*!40101 SET @saved_cs_client     = @@character_set_client */;
/*!50503 SET character_set_client = utf8mb4 */;
CREATE TABLE `reviews` (
  `id` int NOT NULL AUTO_INCREMENT,
  `doctor_id` int unsigned NOT NULL,
  `username` varchar(45) NOT NULL,
  `email` varchar(100) NOT NULL,
  `rating` int NOT NULL,
  `review_text` mediumtext,
  `created_at` datetime NOT NULL,
  PRIMARY KEY (`id`),
  KEY `doctor_id_idx` (`doctor_id`),
  CONSTRAINT `doctor_id` FOREIGN KEY (`doctor_id`) REFERENCES `doctors` (`id`)
) ENGINE=InnoDB AUTO_INCREMENT=136 DEFAULT CHARSET=utf8mb4 COLLATE=utf8mb4_0900_ai_ci;
/*!40101 SET character_set_client = @saved_cs_client */;

--
-- Dumping data for table `reviews`
--

LOCK TABLES `reviews` WRITE;
/*!40000 ALTER TABLE `reviews` DISABLE KEYS */;
INSERT INTO `reviews` VALUES (10,4,'carla_bianchi','carla.bianchi@gmail.com',5,'Il Dott. Donati è un vero esperto nel trattamento degli anziani. Mi ha aiutato a gestire la salute di mia madre con una grande attenzione e competenza. La sua esperienza e il suo approccio innovativo sono indiscutibili. È una persona molto umana e affidabile.','2025-01-22 00:00:00'),(11,4,'giovanni_rossi','giovanni.rossi@libero.it',4,'Ho visitato il Dott. Donati per un consulto geriatrico e ho apprezzato molto la sua competenza. È stato disponibile e attento, ma c’è stata qualche difficoltà a fissare un appuntamento. Tuttavia, la qualità delle cure che offre è ottima.','2025-01-22 00:00:00'),(12,4,'livia_santoro','livia.santoro@yahoo.com',5,'Il Dott. Donati ha fatto un ottimo lavoro nel trattare le difficoltà sanitarie di mio padre. La sua esperienza e la sua pazienza sono una vera risorsa per gli anziani. Mi sono sentita ascoltata e ben curata, lo consiglio vivamente a chiunque abbia necessità di un geriatra.','2025-01-22 00:00:00'),(13,5,'alessandra_martini','alessandra.martini@outlook.it',5,'La Dott.ssa Romagnoli mi ha aiutato a superare un periodo difficile legato a disturbi dell’umore. Il suo approccio è molto empatico e professionale, e ha lavorato con me per sviluppare strategie pratiche per migliorare il mio benessere mentale. Grazie di cuore!','2025-01-22 00:00:00'),(14,5,'francesco_pellicciari','francesco.pellicciari@libero.it',4,'Ho ricevuto un trattamento dalla Dott.ssa Romagnoli per ansia e depressione. È una persona molto comprensiva e mi ha aiutato a comprendere meglio le mie emozioni. Anche se il percorso terapeutico è stato lungo, sono molto soddisfatto dei risultati.','2025-01-22 00:00:00'),(15,5,'maria_giordano','maria.giordano@gmail.com',5,'La Dott.ssa Romagnoli è stata una figura fondamentale per il mio recupero da un disturbo d’ansia. Il suo approccio è molto personalizzato e orientato al paziente, e il suo supporto è stato davvero utile. Consiglio vivamente di consultarla se si cerca un valido supporto psichiatrico.','2025-01-22 00:00:00'),(16,6,'elena_scarpa','elena.scarpa@mail.com',5,'Il Dott. Rossi è un anestesista straordinario. Mi ha seguito durante un intervento complesso e la sua esperienza mi ha dato molta tranquillità. È molto professionale e attento, assicurandosi che il paziente sia sempre a suo agio.','2025-01-22 00:00:00'),(17,6,'luigi_ferrari','luigi.ferrari@libero.it',4,'Il Dott. Rossi è molto competente e ha reso il mio intervento molto meno stressante grazie alla sua professionalità. Tuttavia, ho avuto qualche difficoltà nel fissare un appuntamento, ma nel complesso sono soddisfatto della sua assistenza.','2025-01-22 00:00:00'),(18,6,'serena_pellegrini','serena.pellegrini@gmail.com',5,'Ho avuto un’ottima esperienza con il Dott. Rossi. Mi ha seguito durante un intervento chirurgico e la sua competenza è stata evidente. La sua attenzione al comfort del paziente è stata notevole, mi sono sentita completamente supportata.','2025-01-22 00:00:00'),(19,7,'vincenzo_giordano','vincenzo.giordano@outlook.it',5,'La Dott.ssa Bianchi è un’ottima cardiologa, mi ha aiutato a gestire un problema di insufficienza cardiaca con un approccio molto competente e umano. Mi ha dato le giuste indicazioni e il trattamento è stato efficace.','2025-01-22 00:00:00'),(20,7,'maria_luisa','maria.luisa@yahoo.it',5,'La Dott.ssa Bianchi è estremamente competente e mi ha seguito con molta attenzione per una patologia coronarica. È riuscita a tranquillizzarmi e mi ha fornito un piano di trattamento chiaro e sicuro. Consiglio vivamente il suo consulto.','2025-01-22 00:00:00'),(21,7,'antonio_musso','antonio.musso@live.it',4,'Ho ricevuto un eccellente trattamento dalla Dott.ssa Bianchi, la sua esperienza nel campo cardiologico è evidente. Unico punto negativo: ho dovuto aspettare un po’ per la visita, ma il trattamento che ho ricevuto è stato assolutamente valido.','2025-01-22 00:00:00'),(22,8,'anna_morandi','anna.morandi@tiscali.it',5,'Il Dott. Verdi è un dermatologo molto esperto e mi ha aiutato a risolvere un problema alla pelle che mi dava fastidio da tempo. È stato molto chiaro nelle spiegazioni e ha trovato una soluzione molto efficace. Mi sono sentita subito meglio.','2025-01-22 00:00:00'),(23,8,'carlo_benassi','carlo.benassi@fastweb.net',4,'La visita dal Dott. Verdi è stata soddisfacente. Mi ha spiegato in dettaglio il mio problema dermatologico e mi ha prescritto un trattamento che ha funzionato. Poteva essere più disponibile per ulteriori domande, ma nel complesso è stato molto professionale.','2025-01-22 00:00:00'),(24,8,'federica_luciani','federica.luciani@libero.it',5,'Sono stata trattata dal Dott. Verdi per una dermatite e sono rimasta molto soddisfatta. È un medico preciso e molto attento ai dettagli. Ha risolto il mio problema in breve tempo e la mia pelle sta molto meglio ora. Lo consiglio vivamente.','2025-01-22 00:00:00'),(25,9,'maria_rossi','maria.rossi@tiscali.it',5,'La Dott.ssa Galli è una psichiatra estremamente empatica e competente. Mi ha aiutato ad affrontare ansia e depressione con un percorso terapeutico mirato. Sono molto soddisfatta del suo approccio, che mi ha permesso di fare significativi progressi.','2025-01-22 00:00:00'),(26,9,'paolo_bianchi','paolo.bianchi@gmail.com',4,'La Dott.ssa Galli è molto brava nel trattare disturbi psicologici. Mi ha aiutato con il mio problema di ansia e mi sono sentito più sereno dopo ogni incontro. Avrei preferito una maggiore disponibilità per contatti fuori dalle sedute.','2025-01-22 00:00:00'),(27,9,'simona_verdi','simona.verdi@libero.it',5,'Ho iniziato il trattamento con la Dott.ssa Galli per problemi di psicosi e il suo supporto è stato fondamentale. Ogni sessione è stata un passo in avanti nel mio percorso di guarigione. Mi ha aiutato a ritrovare serenità e fiducia in me stessa.','2025-01-22 00:00:00'),(28,10,'elena_giusti','elena.giusti@yahoo.it',5,'Il Dott. Neri è un endocrinologo altamente competente. Mi ha seguito per un problema alla tiroide e mi ha guidato nel trattamento con molta chiarezza. Grazie alla sua attenzione, sono riuscita a migliorare molto la mia condizione.','2025-01-22 00:00:00'),(29,10,'giuseppe_martini','giuseppe.martini@libero.it',5,'Il Dott. Neri è un professionista eccezionale. Mi ha aiutato a gestire il diabete in modo efficace, spiegandomi ogni aspetto della malattia e dei trattamenti. Mi sento molto più sicuro ora e apprezzo la sua attenzione ai dettagli.','2025-01-22 00:00:00'),(30,10,'lorena_ferro','lorena.ferro@fastweb.it',4,'Sono stata trattata dal Dott. Neri per un disturbo ormonale. La sua esperienza e la sua capacità di spiegare il trattamento sono state molto utili. Avrei preferito però una maggiore disponibilità a rispondere a domande extra durante il trattamento.','2025-01-22 00:00:00'),(31,1,'Maria88','maria88@example.com',5,'Il Dott. Paterno è un medico eccezionale. Mi ha aiutata con una diagnosi difficile in modo chiaro e professionale. È molto empatico e attento ai dettagli.','2025-01-20 00:00:00'),(32,1,'LuigiRossi','luigi.rossi@example.com',4,'Molto competente e disponibile. L\'unico punto negativo è stata l\'attesa un po\' lunga in sala d\'attesa.','2025-01-18 00:00:00'),(33,1,'ClaraBiondi','clara.biondi@example.com',5,'Un medico straordinario. Ha individuato subito il mio problema e mi ha dato un trattamento efficace. Consigliatissimo!','2025-01-15 00:00:00'),(34,2,'GiuliaT','giulia.t@example.com',5,'La Dott.ssa Esposito è una professionista eccezionale! Ha trattato la mia infezione con grande competenza e gentilezza.','2025-01-19 00:00:00'),(35,2,'MarcoBianchi','marco.bianchi@example.com',4,'Molto preparata e chiara nelle spiegazioni. Purtroppo ho dovuto aspettare un po\' per un appuntamento.','2025-01-17 00:00:00'),(36,2,'FedericaM','federica.m@example.com',5,'Una dottoressa fantastica! Sempre disponibile e pronta a rispondere a tutte le mie domande.','2025-01-14 00:00:00'),(37,3,'LucaGallo','luca.gallo@example.com',5,'Il Dott. Ferrigno mi ha aiutato a gestire i miei problemi di asma. Non potrei essere più soddisfatto!','2025-01-21 00:00:00'),(38,3,'SofiaVerdi','sofia.verdi@example.com',4,'Professionale e attento, ma il tempo dedicato alla visita mi è sembrato un po\' breve.','2025-01-20 00:00:00'),(39,3,'AndreaNeri','andrea.neri@example.com',5,'Molto bravo e rassicurante. Mi ha spiegato tutto in modo chiaro e mi sento molto meglio grazie a lui.','2025-01-18 00:00:00'),(40,4,'VittoriaM','vittoria.m@example.com',5,'Un geriatra incredibile! Ha trattato i miei genitori con estrema cura e attenzione. Non potrei chiedere di meglio.','2025-01-16 00:00:00'),(41,4,'CarloRossi','carlo.rossi@example.com',4,'Molto esperto e professionale, ma il suo studio è un po\' difficile da raggiungere.','2025-01-15 00:00:00'),(42,4,'ElenaF','elena.f@example.com',5,'Un medico brillante! Si vede che ha una passione incredibile per il suo lavoro.','2025-01-14 00:00:00'),(43,5,'MatteoT','matteo.t@example.com',5,'La Dott.ssa Romagnoli mi ha aiutato a superare un momento molto difficile. È stata sempre disponibile e comprensiva.','2025-01-20 00:00:00'),(44,5,'AlessandraB','alessandra.b@example.com',5,'Una professionista eccellente! Mi sento una persona nuova grazie alla sua terapia.','2025-01-18 00:00:00'),(45,5,'DanieleR','daniele.r@example.com',4,'Molto competente e gentile, ma gli orari disponibili per gli appuntamenti sono un po\' limitati.','2025-01-15 00:00:00'),(46,6,'FedericoL','federico.l@example.com',5,'Il Dott. Rossi è un anestesista eccezionale! Ha gestito l\'anestesia per il mio intervento con grande professionalità e attenzione.','2025-01-21 00:00:00'),(47,6,'GiuliaF','giulia.f@example.com',4,'Molto competente, ma ho avuto qualche difficoltà a capire alcune spiegazioni tecniche. Nel complesso ottimo lavoro.','2025-01-19 00:00:00'),(48,6,'CarloB','carlo.b@example.com',5,'Mi sono sentito completamente al sicuro grazie alla sua esperienza. Consigliatissimo!','2025-01-17 00:00:00'),(49,7,'AnnaM','anna.m@example.com',5,'La Dott.ssa Bianchi è una cardiologa straordinaria. Ha migliorato notevolmente la mia qualità di vita!','2025-01-20 00:00:00'),(50,7,'MarioT','mario.t@example.com',4,'Molto brava e professionale. L\'unico problema è stato l\'orario degli appuntamenti un po\' limitato.','2025-01-18 00:00:00'),(51,7,'LuciaP','lucia.p@example.com',5,'Eccezionale! Ha individuato subito il mio problema e ha trovato una soluzione efficace.','2025-01-16 00:00:00'),(52,8,'FrancescoG','francesco.g@example.com',5,'Il Dott. Verdi è il miglior dermatologo che abbia mai consultato. Trattamento eccellente!','2025-01-21 00:00:00'),(53,8,'MartinaS','martina.s@example.com',5,'Molto attento e preciso. Mi ha aiutata con una dermatite persistente e ora la mia pelle è molto migliorata.','2025-01-19 00:00:00'),(54,8,'AlessioV','alessio.v@example.com',4,'Ottimo medico, anche se la sala d\'attesa era piuttosto affollata.','2025-01-18 00:00:00'),(55,9,'ElisaR','elisa.r@example.com',5,'La Dott.ssa Galli mi ha aiutato tantissimo durante un periodo difficile. Sempre gentile e professionale.','2025-01-20 00:00:00'),(56,9,'LucaP','luca.p@example.com',4,'Molto preparata, ma il percorso terapeutico richiede tempo. Sono fiducioso nei progressi.','2025-01-18 00:00:00'),(57,9,'SilviaF','silvia.f@example.com',5,'Una psichiatra straordinaria! Mi sono sentita sempre supportata e compresa.','2025-01-16 00:00:00'),(58,10,'ValentinaB','valentina.b@example.com',5,'Il Dott. Neri è un professionista eccezionale. Mi ha aiutata a gestire il mio problema tiroideo in modo efficace.','2025-01-19 00:00:00'),(59,10,'RobertoC','roberto.c@example.com',5,'Competente e molto disponibile. Mi ha spiegato tutto chiaramente e mi sento molto meglio.','2025-01-18 00:00:00'),(60,10,'SimonaL','simona.l@example.com',4,'Molto bravo, ma c\'è stata un po\' di attesa per avere un appuntamento.','2025-01-17 00:00:00'),(61,11,'GiorgiaS','giorgia.s@example.com',5,'La Dott.ssa Moretti è fantastica! Mi sono sentita ascoltata e compresa. Diagnosi rapide e trattamento efficace.','2025-01-20 00:00:00'),(62,11,'FrancescoR','francesco.r@example.com',4,'Molto attenta e precisa. L\'unico problema è stato trovare una data libera per l\'appuntamento.','2025-01-18 00:00:00'),(63,11,'SaraB','sara.b@example.com',5,'Una professionista eccezionale. Consiglio vivamente a chiunque cerchi un medico di fiducia.','2025-01-17 00:00:00'),(64,12,'MatteoG','matteo.g@example.com',5,'Il Dott. Ferrara mi ha aiutato con un problema di reflusso gastrico che durava da anni. Ottimo medico!','2025-01-21 00:00:00'),(65,12,'ChiaraV','chiara.v@example.com',5,'Molto preparato e gentile. Mi ha spiegato tutto con chiarezza e il trattamento è stato efficace.','2025-01-19 00:00:00'),(66,12,'LeonardoF','leonardo.f@example.com',4,'Grande professionista. Mi ha aiutato con una dieta personalizzata, anche se la sala d\'attesa era piena.','2025-01-18 00:00:00'),(67,13,'AlessandraC','alessandra.c@example.com',5,'La Dott.ssa Ricci ha migliorato significativamente la qualità della vita di mia madre. Siamo molto grati!','2025-01-20 00:00:00'),(68,13,'GiovanniB','giovanni.b@example.com',4,'Molto professionale e disponibile. Un po\' difficile trovare parcheggio nei pressi dello studio.','2025-01-19 00:00:00'),(69,13,'LuisaF','luisa.f@example.com',5,'Fantastica! Ha trattato mio padre con grande attenzione e umanità.','2025-01-17 00:00:00'),(70,14,'VittorioN','vittorio.n@example.com',5,'Il Dott. Conti è un vero esperto in ematologia. Mi ha aiutato a gestire una condizione complessa con grande professionalità.','2025-01-20 00:00:00'),(71,14,'MartinaL','martina.l@example.com',5,'Competente, gentile e sempre disponibile a rispondere alle domande. Consigliato!','2025-01-18 00:00:00'),(72,14,'FabioT','fabio.t@example.com',4,'Un medico molto preparato. L\'attesa è stata un po\' lunga, ma ne è valsa la pena.','2025-01-17 00:00:00'),(73,15,'BeatriceM','beatrice.m@example.com',5,'La Dott.ssa De Luca è fantastica! Mi ha aiutato con un\'infezione complicata e mi sono sentita in ottime mani.','2025-01-19 00:00:00'),(74,15,'RiccardoS','riccardo.s@example.com',4,'Molto professionale e preparata. Avrei voluto solo un po\' più di tempo durante la visita.','2025-01-18 00:00:00'),(75,15,'ElenaD','elena.d@example.com',5,'Ottima esperienza! Ha trovato subito la diagnosi corretta e il trattamento è stato efficace.','2025-01-16 00:00:00'),(76,16,'LorenzoM','lorenzo.m@example.com',5,'Il Dott. Lupo mi ha aiutato a gestire l\'asma in modo eccellente. Ora respiro molto meglio!','2025-01-20 00:00:00'),(77,16,'FedericaT','federica.t@example.com',5,'Un medico molto preparato e attento. Mi ha dato tutte le informazioni necessarie per affrontare la mia malattia respiratoria.','2025-01-18 00:00:00'),(78,16,'MatteoP','matteo.p@example.com',4,'Molto professionale. L\'unica pecca è stata l\'attesa per la visita, ma il trattamento è stato impeccabile.','2025-01-16 00:00:00'),(79,17,'SilviaC','silvia.c@example.com',5,'Il Dott. Romano è un eccellente anestesista. Mi ha messo subito a mio agio prima dell\'intervento. Consigliatissimo!','2025-01-19 00:00:00'),(80,17,'LucaF','luca.f@example.com',4,'Molto professionale e preparato. L\'unico problema è stato il tempo di attesa per la visita pre-operatoria.','2025-01-18 00:00:00'),(81,17,'AlessiaG','alessia.g@example.com',5,'Un medico straordinario. Mi sono sentita sicura e tranquilla grazie alla sua professionalità.','2025-01-17 00:00:00'),(82,18,'MarcoS','marco.s@example.com',5,'La Dott.ssa Rizzo è stata fantastica! Ha individuato subito il mio problema e mi ha proposto un trattamento efficace.','2025-01-20 00:00:00'),(83,18,'ChiaraV','chiara.v@example.com',5,'Competente e sempre disponibile. Mi ha seguito con attenzione per tutta la durata del trattamento.','2025-01-18 00:00:00'),(84,18,'AntonioL','antonio.l@example.com',4,'Un ottimo medico. Solo un po\' lunga l\'attesa per l\'appuntamento, ma è stato tutto risolto brillantemente.','2025-01-16 00:00:00'),(85,19,'ElenaB','elena.b@example.com',5,'Il Dott. Sanna è il miglior dermatologo che abbia mai consultato! Mi ha aiutata con una psoriasi persistente.','2025-01-21 00:00:00'),(86,19,'RiccardoD','riccardo.d@example.com',5,'Professionale e disponibile. Il trattamento è stato rapido ed efficace. Molto soddisfatto.','2025-01-19 00:00:00'),(87,19,'MartinaF','martina.f@example.com',4,'Ottimo medico. Ha risolto il mio problema cutaneo, anche se ci sono volute diverse visite.','2025-01-18 00:00:00'),(88,20,'AnnaL','anna.l@example.com',5,'La Dott.ssa Nardi mi ha aiutato tantissimo a superare un periodo difficile. Empatica e molto competente.','2025-01-20 00:00:00'),(89,20,'GabrieleR','gabriele.r@example.com',4,'Una psichiatra molto preparata. L\'unico aspetto migliorabile è stato il tempo di attesa per fissare il primo appuntamento.','2025-01-18 00:00:00'),(90,20,'SofiaT','sofia.t@example.com',5,'Fantastica! Mi sono sentita subito accolta e compresa. La consiglio vivamente.','2025-01-16 00:00:00'),(91,21,'AliceM','alice.m@example.com',5,'Il Dott. Barbieri è un professionista eccellente. Mi ha aiutato a gestire un problema tiroideo con grande competenza.','2025-01-21 00:00:00'),(92,21,'LorenzoG','lorenzo.g@example.com',5,'Grazie al Dott. Barbieri, il mio diabete è sotto controllo. Lo consiglio vivamente.','2025-01-19 00:00:00'),(93,21,'MartinaB','martina.b@example.com',4,'Molto preparato e disponibile. Ha risposto a tutte le mie domande, anche se l\'attesa per l\'appuntamento è stata lunga.','2025-01-18 00:00:00'),(94,22,'FrancescoT','francesco.t@example.com',5,'La Dott.ssa Morelli è sempre disponibile e attenta. Un medico di famiglia eccezionale.','2025-01-20 00:00:00'),(95,22,'GiuliaR','giulia.r@example.com',5,'La migliore dottoressa di famiglia che abbia mai avuto. Sempre pronta a rispondere alle mie preoccupazioni.','2025-01-18 00:00:00'),(96,22,'AndreaS','andrea.s@example.com',4,'Molto professionale e disponibile, anche se è stato difficile ottenere un appuntamento in tempi brevi.','2025-01-16 00:00:00'),(97,23,'SimonaC','simona.c@example.com',5,'Il Dott. Pini mi ha aiutata con il mio reflusso gastroesofageo. Finalmente sto meglio!','2025-01-21 00:00:00'),(98,23,'FabioL','fabio.l@example.com',5,'Un medico straordinario. Ha risolto i miei problemi intestinali dopo anni di sofferenza.','2025-01-19 00:00:00'),(99,23,'ElisaM','elisa.m@example.com',4,'Competente e chiaro nelle spiegazioni, anche se ho dovuto aspettare un po\' per la visita.','2025-01-17 00:00:00'),(100,24,'GiorgioP','giorgio.p@example.com',5,'La Dott.ssa Bellini ha seguito mia madre con grande cura e attenzione. Una vera professionista.','2025-01-20 00:00:00'),(101,24,'ChiaraF','chiara.f@example.com',5,'Empatica e competente. Ha migliorato significativamente la qualità della vita di mio nonno.','2025-01-18 00:00:00'),(102,24,'LuigiR','luigi.r@example.com',4,'Molto attenta e disponibile, anche se avrei preferito appuntamenti più frequenti.','2025-01-16 00:00:00'),(103,25,'AnnaG','anna.g@example.com',5,'Il Dott. Ruggiero è stato fantastico. Ha diagnosticato e trattato la mia anemia in modo impeccabile.','2025-01-21 00:00:00'),(104,25,'MarcoL','marco.l@example.com',5,'Grazie al Dott. Ruggiero sono riuscito a superare un problema complesso con grande serenità.','2025-01-19 00:00:00'),(105,25,'FedericaV','federica.v@example.com',4,'Molto professionale e preparato. L\'unico problema è stato l\'attesa per alcuni risultati.','2025-01-17 00:00:00'),(106,26,'MartinaP','martina.p@example.com',5,'La Dott.ssa Marini è stata fantastica nel trattare un’infezione complicata. Grazie a lei sono tornata in perfetta salute.','2025-01-21 00:00:00'),(107,26,'GiorgioF','giorgio.f@example.com',5,'Competente e gentile. Ha individuato subito il problema e mi ha prescritto la cura giusta.','2025-01-20 00:00:00'),(108,26,'SaraT','sara.t@example.com',4,'Molto professionale e disponibile, anche se l’attesa in sala è stata lunga.','2025-01-19 00:00:00'),(109,27,'MarcoV','marco.v@example.com',5,'Il Dott. Lombardi mi ha aiutato a gestire la mia asma in modo eccellente. Non mi sono mai sentito così bene.','2025-01-22 00:00:00'),(110,27,'ElisaB','elisa.b@example.com',5,'Un medico molto preparato. Mi ha spiegato tutto con chiarezza e il trattamento ha funzionato alla perfezione.','2025-01-20 00:00:00'),(111,27,'AndreaL','andrea.l@example.com',4,'Molto attento e scrupoloso, ma il tempo di attesa per l’appuntamento era un po’ lungo.','2025-01-18 00:00:00'),(112,28,'LauraG','laura.g@example.com',5,'Il Dott. Luzzi è stato eccellente durante il mio intervento. Mi ha messo a mio agio e tutto è andato per il meglio.','2025-01-21 00:00:00'),(113,28,'DavideR','davide.r@example.com',5,'Professionale e rassicurante. Mi sono sentito in mani sicure durante l’operazione.','2025-01-20 00:00:00'),(114,28,'GiuliaF','giulia.f@example.com',4,'Molto competente e gentile, anche se mi sarebbe piaciuto avere più informazioni pre-operatorie.','2025-01-19 00:00:00'),(115,29,'FrancescoN','francesco.n@example.com',5,'La Dott.ssa Giordano è una professionista straordinaria. Grazie a lei la mia ipertensione è sotto controllo.','2025-01-22 00:00:00'),(116,29,'AnnaC','anna.c@example.com',5,'Attenta e scrupolosa. Ha individuato il mio problema al cuore subito e mi ha dato un trattamento efficace.','2025-01-20 00:00:00'),(117,29,'PaoloT','paolo.t@example.com',4,'Competente e professionale, ma il tempo per ottenere un appuntamento è stato lungo.','2025-01-18 00:00:00'),(118,30,'ChiaraS','chiara.s@example.com',5,'Il Dott. D’Angelo mi ha aiutato a risolvere un problema cutaneo che avevo da anni. Consigliatissimo!','2025-01-22 00:00:00'),(119,30,'MartaF','marta.f@example.com',5,'Un professionista impeccabile. Mi ha spiegato tutto in modo chiaro e il trattamento è stato molto efficace.','2025-01-21 00:00:00'),(120,30,'LuigiP','luigi.p@example.com',4,'Molto bravo e disponibile, anche se avrei preferito una visita meno frettolosa.','2025-01-20 00:00:00'),(121,31,'FedericaL','federica.l@example.com',5,'La Dott.ssa Vitali mi ha aiutato a superare un momento difficile della mia vita. Non posso che consigliarla.','2025-01-22 00:00:00'),(122,31,'GiovanniR','giovanni.r@example.com',5,'Empatica e molto professionale. Mi sono sentito compreso e supportato fin dal primo incontro.','2025-01-21 00:00:00'),(123,31,'SaraC','sara.c@example.com',4,'Ottima professionista, anche se avrei gradito un follow-up più frequente.','2025-01-20 00:00:00'),(124,32,'LucaT','luca.t@example.com',5,'Il Dott. Bernini mi ha aiutato a gestire il mio diabete in modo eccezionale. Un medico preparato e sempre disponibile.','2025-01-22 00:00:00'),(125,32,'AnnaB','anna.b@example.com',5,'Molto attento e scrupoloso. Grazie a lui la mia tiroide è tornata sotto controllo.','2025-01-21 00:00:00'),(126,32,'MarcoP','marco.p@example.com',4,'Medico competente, ma i tempi di attesa per la visita erano lunghi.','2025-01-20 00:00:00'),(127,33,'MartaS','marta.s@example.com',5,'La Dott.ssa Grandi è una professionista fantastica. Mi ha seguito con attenzione e dedizione.','2025-01-22 00:00:00'),(128,33,'PaoloM','paolo.m@example.com',5,'Sempre disponibile e pronta a rispondere a qualsiasi domanda. Consigliatissima.','2025-01-21 00:00:00'),(129,33,'ElenaR','elena.r@example.com',4,'Ottima dottoressa, ma sarebbe utile ridurre i tempi di attesa per gli appuntamenti.','2025-01-20 00:00:00'),(130,34,'FrancescoL','francesco.l@example.com',5,'Il Dott. Romano ha risolto il mio problema di reflusso in poche settimane. Un professionista eccellente.','2025-01-22 00:00:00'),(131,34,'ChiaraF','chiara.f@example.com',5,'Preparato e gentile. Mi ha aiutato a gestire una condizione intestinale complessa con successo.','2025-01-21 00:00:00'),(132,34,'DavideC','davide.c@example.com',4,'Medico molto bravo, anche se ho trovato l’organizzazione dello studio un po’ caotica.','2025-01-20 00:00:00'),(133,35,'GiorgiaP','giorgia.p@example.com',5,'La Dott.ssa De Santis è stata fondamentale per aiutare i miei genitori anziani. Sempre gentile e disponibile.','2025-01-22 00:00:00'),(134,35,'AntonioG','antonio.g@example.com',5,'Un medico di grande esperienza e professionalità. Ha migliorato la qualità della vita di mia madre.','2025-01-21 00:00:00'),(135,35,'LuisaV','luisa.v@example.com',4,'Molto preparata, anche se a volte le spiegazioni erano un po’ tecniche.','2025-01-20 00:00:00');
/*!40000 ALTER TABLE `reviews` ENABLE KEYS */;
UNLOCK TABLES;

--
-- Table structure for table `specialties`
--

DROP TABLE IF EXISTS `specialties`;
/*!40101 SET @saved_cs_client     = @@character_set_client */;
/*!50503 SET character_set_client = utf8mb4 */;
CREATE TABLE `specialties` (
  `id` int unsigned NOT NULL AUTO_INCREMENT,
  `specialty_name` varchar(100) NOT NULL,
  PRIMARY KEY (`id`),
  UNIQUE KEY `id_UNIQUE` (`id`)
) ENGINE=InnoDB AUTO_INCREMENT=12 DEFAULT CHARSET=utf8mb4 COLLATE=utf8mb4_0900_ai_ci;
/*!40101 SET character_set_client = @saved_cs_client */;

--
-- Dumping data for table `specialties`
--

LOCK TABLES `specialties` WRITE;
/*!40000 ALTER TABLE `specialties` DISABLE KEYS */;
INSERT INTO `specialties` VALUES (1,'Anesthesiology'),(2,'Cardiology'),(3,'Dermatology'),(4,'Psychiatry'),(5,'Endocrinology'),(6,'Family Medicine'),(7,'Gastroenterology'),(8,'Geriatrics'),(9,'Hematology'),(10,'Infectious Disease'),(11,'Pulmonology');
/*!40000 ALTER TABLE `specialties` ENABLE KEYS */;
UNLOCK TABLES;
/*!40103 SET TIME_ZONE=@OLD_TIME_ZONE */;

/*!40101 SET SQL_MODE=@OLD_SQL_MODE */;
/*!40014 SET FOREIGN_KEY_CHECKS=@OLD_FOREIGN_KEY_CHECKS */;
/*!40014 SET UNIQUE_CHECKS=@OLD_UNIQUE_CHECKS */;
/*!40101 SET CHARACTER_SET_CLIENT=@OLD_CHARACTER_SET_CLIENT */;
/*!40101 SET CHARACTER_SET_RESULTS=@OLD_CHARACTER_SET_RESULTS */;
/*!40101 SET COLLATION_CONNECTION=@OLD_COLLATION_CONNECTION */;
/*!40111 SET SQL_NOTES=@OLD_SQL_NOTES */;

-- Dump completed on 2025-01-22 11:36:36
